{
  "id": "3702150",
  "name": "品优购",
  "font_family": "iconfont",
  "css_prefix_text": "icon-",
  "description": "",
  "glyphs": [
    {
      "icon_id": "1356164",
      "name": "右箭头",
      "font_class": "youjiantou",
      "unicode": "e61e",
      "unicode_decimal": 58910
    },
    {
      "icon_id": "1305",
      "name": "购物车满",
      "font_class": "gouwucheman",
      "unicode": "e600",
      "unicode_decimal": 58880
    },
    {
      "icon_id": "1284027",
      "name": "电影",
      "font_class": "dianying",
      "unicode": "e634",
      "unicode_decimal": 58932
    },
    {
      "icon_id": "1284131",
      "name": "火车票",
      "font_class": "huochepiao",
      "unicode": "e638",
      "unicode_decimal": 58936
    },
    {
      "icon_id": "1284132",
      "name": "话费",
      "font_class": "huafei",
      "unicode": "e639",
      "unicode_decimal": 58937
    },
    {
      "icon_id": "8106224",
      "name": "down",
      "font_class": "down",
      "unicode": "e69b",
      "unicode_decimal": 59035
    },
    {
      "icon_id": "8106260",
      "name": "upward",
      "font_class": "up",
      "unicode": "e6a1",
      "unicode_decimal": 59041
    },
    {
      "icon_id": "8106272",
      "name": "next",
      "font_class": "next",
      "unicode": "e6a2",
      "unicode_decimal": 59042
    },
    {
      "icon_id": "10678401",
      "name": "back",
      "font_class": "back",
      "unicode": "e6db",
      "unicode_decimal": 59099
    }
  ]
}
